kind,detail
other,BRPT.JK: Cannot compare tz-naive and tz-aware timestamps
other,PTRO.JK: Cannot compare tz-naive and tz-aware timestamps
other,ASII.JK: Cannot compare tz-naive and tz-aware timestamps
other,DSSA.JK: Cannot compare tz-naive and tz-aware timestamps
other,CUAN.JK: Cannot compare tz-naive and tz-aware timestamps
other,MDKA.JK: Cannot compare tz-naive and tz-aware timestamps
other,ADRO.JK: Cannot compare tz-naive and tz-aware timestamps
other,WIFI.JK: Cannot compare tz-naive and tz-aware timestamps
other,PGEO.JK: Cannot compare tz-naive and tz-aware timestamps
other,PANI.JK: Cannot compare tz-naive and tz-aware timestamps
other,MBMA.JK: Cannot compare tz-naive and tz-aware timestamps
other,BRIS.JK: Cannot compare tz-naive and tz-aware timestamps
other,AADI.JK: Cannot compare tz-naive and tz-aware timestamps
other,AMRT.JK: Cannot compare tz-naive and tz-aware timestamps
other,RAJA.JK: Cannot compare tz-naive and tz-aware timestamps
other,PGAS.JK: Cannot compare tz-naive and tz-aware timestamps
other,RATU.JK: Cannot compare tz-naive and tz-aware timestamps
other,INDF.JK: Cannot compare tz-naive and tz-aware timestamps
other,DEWA.JK: Cannot compare tz-naive and tz-aware timestamps
other,KLBF.JK: Cannot compare tz-naive and tz-aware timestamps
other,TCPI.JK: Cannot compare tz-naive and tz-aware timestamps
other,PSAB.JK: Cannot compare tz-naive and tz-aware timestamps
other,INCO.JK: Cannot compare tz-naive and tz-aware timestamps
other,TOBA.JK: Cannot compare tz-naive and tz-aware timestamps
other,MEDC.JK: Cannot compare tz-naive and tz-aware timestamps
other,JPFA.JK: Cannot compare tz-naive and tz-aware timestamps
other,UNVR.JK: Cannot compare tz-naive and tz-aware timestamps
other,INKP.JK: Cannot compare tz-naive and tz-aware timestamps
other,PTBA.JK: Cannot compare tz-naive and tz-aware timestamps
other,CBDK.JK: Cannot compare tz-naive and tz-aware timestamps
other,ITMG.JK: Cannot compare tz-naive and tz-aware timestamps
other,ISAT.JK: Cannot compare tz-naive and tz-aware timestamps
other,BBTN.JK: Cannot compare tz-naive and tz-aware timestamps
other,PNLF.JK: Cannot compare tz-naive and tz-aware timestamps
other,COIN.JK: Cannot compare tz-naive and tz-aware timestamps
other,ADMR.JK: Cannot compare tz-naive and tz-aware timestamps
other,SMGR.JK: Cannot compare tz-naive and tz-aware timestamps
other,ERAA.JK: Cannot compare tz-naive and tz-aware timestamps
other,SMIL.JK: Cannot compare tz-naive and tz-aware timestamps
other,DKFT.JK: Cannot compare tz-naive and tz-aware timestamps
other,CMNT.JK: Cannot compare tz-naive and tz-aware timestamps
other,AKRA.JK: Cannot compare tz-naive and tz-aware timestamps
other,ACES.JK: Cannot compare tz-naive and tz-aware timestamps
other,SCMA.JK: Cannot compare tz-naive and tz-aware timestamps
other,MAPI.JK: Cannot compare tz-naive and tz-aware timestamps
other,MIKA.JK: Cannot compare tz-naive and tz-aware timestamps
other,INET.JK: Cannot compare tz-naive and tz-aware timestamps
other,TINS.JK: Cannot compare tz-naive and tz-aware timestamps
other,SSIA.JK: Cannot compare tz-naive and tz-aware timestamps
other,EXCL.JK: Cannot compare tz-naive and tz-aware timestamps
other,MSIN.JK: Cannot compare tz-naive and tz-aware timestamps
other,MAPA.JK: Cannot compare tz-naive and tz-aware timestamps
other,CTRA.JK: Cannot compare tz-naive and tz-aware timestamps
other,MERI.JK: Cannot compare tz-naive and tz-aware timestamps
other,ITMA.JK: Cannot compare tz-naive and tz-aware timestamps
other,ENRG.JK: Cannot compare tz-naive and tz-aware timestamps
other,HRTA.JK: Cannot compare tz-naive and tz-aware timestamps
other,CYBR.JK: Cannot compare tz-naive and tz-aware timestamps
other,SMRA.JK: Cannot compare tz-naive and tz-aware timestamps
other,INDY.JK: Cannot compare tz-naive and tz-aware timestamps
other,HEAL.JK: Cannot compare tz-naive and tz-aware timestamps
other,EMTK.JK: Cannot compare tz-naive and tz-aware timestamps
other,DSNG.JK: Cannot compare tz-naive and tz-aware timestamps
other,TAPG.JK: Cannot compare tz-naive and tz-aware timestamps
other,FILM.JK: Cannot compare tz-naive and tz-aware timestamps
other,MARK.JK: Cannot compare tz-naive and tz-aware timestamps
other,JSMR.JK: Cannot compare tz-naive and tz-aware timestamps
other,INTP.JK: Cannot compare tz-naive and tz-aware timestamps
other,ESSA.JK: Cannot compare tz-naive and tz-aware timestamps
other,UNIQ.JK: Cannot compare tz-naive and tz-aware timestamps
other,BTPS.JK: Cannot compare tz-naive and tz-aware timestamps
other,SIDO.JK: Cannot compare tz-naive and tz-aware timestamps
other,PTPP.JK: Cannot compare tz-naive and tz-aware timestamps
other,PWON.JK: Cannot compare tz-naive and tz-aware timestamps
other,FORE.JK: Cannot compare tz-naive and tz-aware timestamps
other,ARTO.JK: Cannot compare tz-naive and tz-aware timestamps
other,LSIP.JK: Cannot compare tz-naive and tz-aware timestamps
other,HRUM.JK: Cannot compare tz-naive and tz-aware timestamps
other,SSMS.JK: Cannot compare tz-naive and tz-aware timestamps
other,PSAT.JK: Cannot compare tz-naive and tz-aware timestamps
other,ELSA.JK: Cannot compare tz-naive and tz-aware timestamps
other,BLOG.JK: Cannot compare tz-naive and tz-aware timestamps
other,STAA.JK: Cannot compare tz-naive and tz-aware timestamps
other,DATA.JK: Cannot compare tz-naive and tz-aware timestamps
other,KPIG.JK: Cannot compare tz-naive and tz-aware timestamps
other,BSDE.JK: Cannot compare tz-naive and tz-aware timestamps
other,ARCI.JK: Cannot compare tz-naive and tz-aware timestamps
other,BNGA.JK: Cannot compare tz-naive and tz-aware timestamps
other,PACK.JK: Cannot compare tz-naive and tz-aware timestamps
other,NICL.JK: Cannot compare tz-naive and tz-aware timestamps
other,BBYB.JK: Cannot compare tz-naive and tz-aware timestamps
other,HATM.JK: Cannot compare tz-naive and tz-aware timestamps
other,CLEO.JK: Cannot compare tz-naive and tz-aware timestamps
other,GOTO.JK: Cannot compare tz-naive and tz-aware timestamps
other,AMMN.JK: Cannot compare tz-naive and tz-aware timestamps
other,TPIA.JK: Cannot compare tz-naive and tz-aware timestamps
other,BREN.JK: Cannot compare tz-naive and tz-aware timestamps
other,BUMI.JK: Cannot compare tz-naive and tz-aware timestamps
other,CDIA.JK: Cannot compare tz-naive and tz-aware timestamps
other,ICBP.JK: Cannot compare tz-naive and tz-aware timestamps
other,BKSL.JK: Cannot compare tz-naive and tz-aware timestamps
other,BUKA.JK: Cannot compare tz-naive and tz-aware timestamps
other,CPIN.JK: Cannot compare tz-naive and tz-aware timestamps
other,KIJA.JK: Cannot compare tz-naive and tz-aware timestamps
other,BULL.JK: Cannot compare tz-naive and tz-aware timestamps
other,NCKL.JK: Cannot compare tz-naive and tz-aware timestamps
other,WIRG.JK: Cannot compare tz-naive and tz-aware timestamps
other,AYAM.JK: Cannot compare tz-naive and tz-aware timestamps
other,OASA.JK: Cannot compare tz-naive and tz-aware timestamps
other,MYOR.JK: Cannot compare tz-naive and tz-aware timestamps
other,TOWR.JK: Cannot compare tz-naive and tz-aware timestamps
other,BIPI.JK: Cannot compare tz-naive and tz-aware timestamps
other,PNBN.JK: Cannot compare tz-naive and tz-aware timestamps
other,DOOH.JK: Cannot compare tz-naive and tz-aware timestamps
other,GPRA.JK: Cannot compare tz-naive and tz-aware timestamps
other,SRTG.JK: Cannot compare tz-naive and tz-aware timestamps
other,IOTF.JK: Cannot compare tz-naive and tz-aware timestamps
other,CMRY.JK: Cannot compare tz-naive and tz-aware timestamps
other,HMSP.JK: Cannot compare tz-naive and tz-aware timestamps
other,MINA.JK: Cannot compare tz-naive and tz-aware timestamps
other,MTEL.JK: Cannot compare tz-naive and tz-aware timestamps
other,AVIA.JK: Cannot compare tz-naive and tz-aware timestamps
other,IMPC.JK: Cannot compare tz-naive and tz-aware timestamps
other,SMBR.JK: Cannot compare tz-naive and tz-aware timestamps
other,AWAN.JK: Cannot compare tz-naive and tz-aware timestamps
other,PYFA.JK: Cannot compare tz-naive and tz-aware timestamps
other,CHEK.JK: Cannot compare tz-naive and tz-aware timestamps
other,SMDR.JK: Cannot compare tz-naive and tz-aware timestamps
other,BBKP.JK: Cannot compare tz-naive and tz-aware timestamps
other,BFIN.JK: Cannot compare tz-naive and tz-aware timestamps
other,ADHI.JK: Cannot compare tz-naive and tz-aware timestamps
other,LPPF.JK: Cannot compare tz-naive and tz-aware timestamps
other,BMTR.JK: Cannot compare tz-naive and tz-aware timestamps
other,MNCN.JK: Cannot compare tz-naive and tz-aware timestamps
other,BJTM.JK: Cannot compare tz-naive and tz-aware timestamps
other,TKIM.JK: Cannot compare tz-naive and tz-aware timestamps
other,NISP.JK: Cannot compare tz-naive and tz-aware timestamps
other,GJTL.JK: Cannot compare tz-naive and tz-aware timestamps
other,APIC.JK: Cannot compare tz-naive and tz-aware timestamps
other,BANK.JK: Cannot compare tz-naive and tz-aware timestamps
other,CASA.JK: Cannot compare tz-naive and tz-aware timestamps
other,AUTO.JK: Cannot compare tz-naive and tz-aware timestamps
other,PANR.JK: Cannot compare tz-naive and tz-aware timestamps
other,MTMH.JK: Cannot compare tz-naive and tz-aware timestamps
other,DMAS.JK: Cannot compare tz-naive and tz-aware timestamps
other,CARE.JK: Cannot compare tz-naive and tz-aware timestamps
other,GGRM.JK: Cannot compare tz-naive and tz-aware timestamps
other,ASSA.JK: Cannot compare tz-naive and tz-aware timestamps
other,DOID.JK: Cannot compare tz-naive and tz-aware timestamps
other,DGWG.JK: Cannot compare tz-naive and tz-aware timestamps
other,ULTJ.JK: Cannot compare tz-naive and tz-aware timestamps
other,CNMA.JK: Cannot compare tz-naive and tz-aware timestamps
other,SOLA.JK: Cannot compare tz-naive and tz-aware timestamps
other,MLPL.JK: Cannot compare tz-naive and tz-aware timestamps
other,BEEF.JK: Cannot compare tz-naive and tz-aware timestamps
other,SNLK.JK: Cannot compare tz-naive and tz-aware timestamps
other,ASPR.JK: Cannot compare tz-naive and tz-aware timestamps
other,NAIK.JK: Cannot compare tz-naive and tz-aware timestamps
other,MTDL.JK: Cannot compare tz-naive and tz-aware timestamps
other,KRYA.JK: Cannot compare tz-naive and tz-aware timestamps
other,MIDI.JK: Cannot compare tz-naive and tz-aware timestamps
other,TPMA.JK: Cannot compare tz-naive and tz-aware timestamps
other,MPMX.JK: Cannot compare tz-naive and tz-aware timestamps
other,DAAZ.JK: Cannot compare tz-naive and tz-aware timestamps
other,MINE.JK: Cannot compare tz-naive and tz-aware timestamps
other,BIRD.JK: Cannot compare tz-naive and tz-aware timestamps
other,ASRI.JK: Cannot compare tz-naive and tz-aware timestamps
other,AALI.JK: Cannot compare tz-naive and tz-aware timestamps
other,MGRO.JK: Cannot compare tz-naive and tz-aware timestamps
other,SPRE.JK: Cannot compare tz-naive and tz-aware timestamps
other,BJBR.JK: Cannot compare tz-naive and tz-aware timestamps
other,MSTI.JK: Cannot compare tz-naive and tz-aware timestamps
other,ERAL.JK: Cannot compare tz-naive and tz-aware timestamps
other,ANJT.JK: Cannot compare tz-naive and tz-aware timestamps
other,DEWI.JK: Cannot compare tz-naive and tz-aware timestamps
other,KEEN.JK: Cannot compare tz-naive and tz-aware timestamps
other,NINE.JK: Cannot compare tz-naive and tz-aware timestamps
other,BSML.JK: Cannot compare tz-naive and tz-aware timestamps
other,BDKR.JK: Cannot compare tz-naive and tz-aware timestamps
other,IPCC.JK: Cannot compare tz-naive and tz-aware timestamps
other,ABMM.JK: Cannot compare tz-naive and tz-aware timestamps
other,RALS.JK: Cannot compare tz-naive and tz-aware timestamps
other,BABY.JK: Cannot compare tz-naive and tz-aware timestamps
other,TSPC.JK: Cannot compare tz-naive and tz-aware timestamps
other,PPRI.JK: Cannot compare tz-naive and tz-aware timestamps
other,RGAS.JK: Cannot compare tz-naive and tz-aware timestamps
other,PMUI.JK: Cannot compare tz-naive and tz-aware timestamps
other,ALII.JK: Cannot compare tz-naive and tz-aware timestamps
other,GIAA.JK: Cannot compare tz-naive and tz-aware timestamps
other,AGRO.JK: Cannot compare tz-naive and tz-aware timestamps
other,HILL.JK: Cannot compare tz-naive and tz-aware timestamps
other,SMGA.JK: Cannot compare tz-naive and tz-aware timestamps
other,TBLA.JK: Cannot compare tz-naive and tz-aware timestamps
other,TEBE.JK: Cannot compare tz-naive and tz-aware timestamps
other,SIMP.JK: Cannot compare tz-naive and tz-aware timestamps
other,INPC.JK: Cannot compare tz-naive and tz-aware timestamps
other,BSSR.JK: Cannot compare tz-naive and tz-aware timestamps
other,JARR.JK: Cannot compare tz-naive and tz-aware timestamps
other,MAIN.JK: Cannot compare tz-naive and tz-aware timestamps
other,TUGU.JK: Cannot compare tz-naive and tz-aware timestamps
other,SILO.JK: Cannot compare tz-naive and tz-aware timestamps
other,STRK.JK: Cannot compare tz-naive and tz-aware timestamps
other,LPKR.JK: Cannot compare tz-naive and tz-aware timestamps
other,NOBU.JK: Cannot compare tz-naive and tz-aware timestamps
other,BDMN.JK: Cannot compare tz-naive and tz-aware timestamps
other,SMSM.JK: Cannot compare tz-naive and tz-aware timestamps
other,KRAS.JK: Cannot compare tz-naive and tz-aware timestamps
other,PRDA.JK: Cannot compare tz-naive and tz-aware timestamps
other,ELIT.JK: Cannot compare tz-naive and tz-aware timestamps
other,HUMI.JK: Cannot compare tz-naive and tz-aware timestamps
other,HAJJ.JK: Cannot compare tz-naive and tz-aware timestamps
other,POWR.JK: Cannot compare tz-naive and tz-aware timestamps
other,BCAP.JK: Cannot compare tz-naive and tz-aware timestamps
other,LABA.JK: Cannot compare tz-naive and tz-aware timestamps
other,DILD.JK: Cannot compare tz-naive and tz-aware timestamps
other,CPRO.JK: Cannot compare tz-naive and tz-aware timestamps
other,BUVA.JK: Cannot compare tz-naive and tz-aware timestamps
other,GEMS.JK: Cannot compare tz-naive and tz-aware timestamps
other,OBAT.JK: Cannot compare tz-naive and tz-aware timestamps
other,HAIS.JK: Cannot compare tz-naive and tz-aware timestamps
other,PART.JK: Cannot compare tz-naive and tz-aware timestamps
other,MDLA.JK: Cannot compare tz-naive and tz-aware timestamps
other,KKGI.JK: Cannot compare tz-naive and tz-aware timestamps
other,BCIP.JK: Cannot compare tz-naive and tz-aware timestamps
other,DMMX.JK: Cannot compare tz-naive and tz-aware timestamps
other,NSSS.JK: Cannot compare tz-naive and tz-aware timestamps
other,TOTL.JK: Cannot compare tz-naive and tz-aware timestamps
other,VKTR.JK: Cannot compare tz-naive and tz-aware timestamps
other,HGII.JK: Cannot compare tz-naive and tz-aware timestamps
other,KLAS.JK: Cannot compare tz-naive and tz-aware timestamps
other,WIIM.JK: Cannot compare tz-naive and tz-aware timestamps
other,MPPA.JK: Cannot compare tz-naive and tz-aware timestamps
other,FUTR.JK: Cannot compare tz-naive and tz-aware timestamps
other,RSCH.JK: Cannot compare tz-naive and tz-aware timestamps
other,WOOD.JK: Cannot compare tz-naive and tz-aware timestamps
other,JATI.JK: Cannot compare tz-naive and tz-aware timestamps
other,BNLI.JK: Cannot compare tz-naive and tz-aware timestamps
other,NEST.JK: Cannot compare tz-naive and tz-aware timestamps
other,DKHH.JK: Cannot compare tz-naive and tz-aware timestamps
other,SATU.JK: Cannot compare tz-naive and tz-aware timestamps
other,GZCO.JK: Cannot compare tz-naive and tz-aware timestamps
other,BHAT.JK: Cannot compare tz-naive and tz-aware timestamps
other,MMIX.JK: Cannot compare tz-naive and tz-aware timestamps
other,HEXA.JK: Cannot compare tz-naive and tz-aware timestamps
other,CENT.JK: Cannot compare tz-naive and tz-aware timestamps
other,WINS.JK: Cannot compare tz-naive and tz-aware timestamps
other,IKAN.JK: Cannot compare tz-naive and tz-aware timestamps
other,SRAJ.JK: Cannot compare tz-naive and tz-aware timestamps
other,PIPA.JK: Cannot compare tz-naive and tz-aware timestamps
other,MBSS.JK: Cannot compare tz-naive and tz-aware timestamps
other,ISSP.JK: Cannot compare tz-naive and tz-aware timestamps
other,LIVE.JK: Cannot compare tz-naive and tz-aware timestamps
other,BWPT.JK: Cannot compare tz-naive and tz-aware timestamps
other,JIHD.JK: Cannot compare tz-naive and tz-aware timestamps
other,MMLP.JK: Cannot compare tz-naive and tz-aware timestamps
other,SGRO.JK: Cannot compare tz-naive and tz-aware timestamps
other,VTNY.JK: Cannot compare tz-naive and tz-aware timestamps
other,APLN.JK: Cannot compare tz-naive and tz-aware timestamps
other,MLBI.JK: Cannot compare tz-naive and tz-aware timestamps
other,ARNA.JK: Cannot compare tz-naive and tz-aware timestamps
other,ASLC.JK: Cannot compare tz-naive and tz-aware timestamps
other,MLIA.JK: Cannot compare tz-naive and tz-aware timestamps
other,UCID.JK: Cannot compare tz-naive and tz-aware timestamps
other,CAMP.JK: Cannot compare tz-naive and tz-aware timestamps
other,ADES.JK: Cannot compare tz-naive and tz-aware timestamps
other,CMNP.JK: Cannot compare tz-naive and tz-aware timestamps
other,IMJS.JK: Cannot compare tz-naive and tz-aware timestamps
other,HOKI.JK: Cannot compare tz-naive and tz-aware timestamps
other,JTPE.JK: Cannot compare tz-naive and tz-aware timestamps
other,NICE.JK: Cannot compare tz-naive and tz-aware timestamps
other,SURI.JK: Cannot compare tz-naive and tz-aware timestamps
other,LEAD.JK: Cannot compare tz-naive and tz-aware timestamps
other,ROTI.JK: Cannot compare tz-naive and tz-aware timestamps
other,CFIN.JK: Cannot compare tz-naive and tz-aware timestamps
other,ADMF.JK: Cannot compare tz-naive and tz-aware timestamps
other,MDIY.JK: Cannot compare tz-naive and tz-aware timestamps
other,BSBK.JK: Cannot compare tz-naive and tz-aware timestamps
other,FAST.JK: Cannot compare tz-naive and tz-aware timestamps
other,BEST.JK: Cannot compare tz-naive and tz-aware timestamps
other,KAEF.JK: Cannot compare tz-naive and tz-aware timestamps
other,SGER.JK: Cannot compare tz-naive and tz-aware timestamps
other,GOLF.JK: Cannot compare tz-naive and tz-aware timestamps
other,TBIG.JK: Cannot compare tz-naive and tz-aware timestamps
other,AISA.JK: Cannot compare tz-naive and tz-aware timestamps
other,UNTD.JK: Cannot compare tz-naive and tz-aware timestamps
other,PTMP.JK: Cannot compare tz-naive and tz-aware timestamps
other,BABP.JK: Cannot compare tz-naive and tz-aware timestamps
other,PAMG.JK: Cannot compare tz-naive and tz-aware timestamps
other,BOLT.JK: Cannot compare tz-naive and tz-aware timestamps
other,ASGR.JK: Cannot compare tz-naive and tz-aware timestamps
other,AREA.JK: Cannot compare tz-naive and tz-aware timestamps
other,INDO.JK: Cannot compare tz-naive and tz-aware timestamps
other,BIKE.JK: Cannot compare tz-naive and tz-aware timestamps
other,MLPT.JK: Cannot compare tz-naive and tz-aware timestamps
other,CNKO.JK: Cannot compare tz-naive and tz-aware timestamps
other,WTON.JK: Cannot compare tz-naive and tz-aware timestamps
other,BLES.JK: Cannot compare tz-naive and tz-aware timestamps
other,AYLS.JK: Cannot compare tz-naive and tz-aware timestamps
other,PTPS.JK: Cannot compare tz-naive and tz-aware timestamps
other,CGAS.JK: Cannot compare tz-naive and tz-aware timestamps
other,DRMA.JK: Cannot compare tz-naive and tz-aware timestamps
other,BOAT.JK: Cannot compare tz-naive and tz-aware timestamps
other,YUPI.JK: Cannot compare tz-naive and tz-aware timestamps
other,OKAS.JK: Cannot compare tz-naive and tz-aware timestamps
other,DCII.JK: Cannot compare tz-naive and tz-aware timestamps
other,BYAN.JK: Cannot compare tz-naive and tz-aware timestamps
other,BBHI.JK: Cannot compare tz-naive and tz-aware timestamps
other,SUNI.JK: Cannot compare tz-naive and tz-aware timestamps
other,BOGA.JK: Cannot compare tz-naive and tz-aware timestamps
other,PBSA.JK: Cannot compare tz-naive and tz-aware timestamps
other,CITA.JK: Cannot compare tz-naive and tz-aware timestamps
other,PNIN.JK: Cannot compare tz-naive and tz-aware timestamps
other,IMAS.JK: Cannot compare tz-naive and tz-aware timestamps
other,IRRA.JK: Cannot compare tz-naive and tz-aware timestamps
other,JAWA.JK: Cannot compare tz-naive and tz-aware timestamps
other,BELI.JK: Cannot compare tz-naive and tz-aware timestamps
other,FORU.JK: Cannot compare tz-naive and tz-aware timestamps
other,SMKM.JK: Cannot compare tz-naive and tz-aware timestamps
other,DIVA.JK: Cannot compare tz-naive and tz-aware timestamps
other,AIMS.JK: Cannot compare tz-naive and tz-aware timestamps
other,RISE.JK: Cannot compare tz-naive and tz-aware timestamps
other,MAHA.JK: Cannot compare tz-naive and tz-aware timestamps
other,BRRC.JK: Cannot compare tz-naive and tz-aware timestamps
other,GPSO.JK: Cannot compare tz-naive and tz-aware timestamps
other,MPOW.JK: Cannot compare tz-naive and tz-aware timestamps
other,KARW.JK: Cannot compare tz-naive and tz-aware timestamps
other,VAST.JK: Cannot compare tz-naive and tz-aware timestamps
other,SOCI.JK: Cannot compare tz-naive and tz-aware timestamps
other,FIRE.JK: Cannot compare tz-naive and tz-aware timestamps
other,APEX.JK: Cannot compare tz-naive and tz-aware timestamps
other,UVCR.JK: Cannot compare tz-naive and tz-aware timestamps
other,JRPT.JK: Cannot compare tz-naive and tz-aware timestamps
other,RAAM.JK: Cannot compare tz-naive and tz-aware timestamps
other,BGTG.JK: Cannot compare tz-naive and tz-aware timestamps
other,WEGE.JK: Cannot compare tz-naive and tz-aware timestamps
other,KOKA.JK: Cannot compare tz-naive and tz-aware timestamps
other,MAYA.JK: Cannot compare tz-naive and tz-aware timestamps
other,PBID.JK: Cannot compare tz-naive and tz-aware timestamps
other,OPMS.JK: Cannot compare tz-naive and tz-aware timestamps
other,MSKY.JK: Cannot compare tz-naive and tz-aware timestamps
other,TMAS.JK: Cannot compare tz-naive and tz-aware timestamps
other,SMDM.JK: Cannot compare tz-naive and tz-aware timestamps
other,EURO.JK: Cannot compare tz-naive and tz-aware timestamps
other,RMKE.JK: Cannot compare tz-naive and tz-aware timestamps
other,DNAR.JK: Cannot compare tz-naive and tz-aware timestamps
other,HALO.JK: Cannot compare tz-naive and tz-aware timestamps
other,IPCM.JK: Cannot compare tz-naive and tz-aware timestamps
other,NASI.JK: Cannot compare tz-naive and tz-aware timestamps
other,SFAN.JK: Cannot compare tz-naive and tz-aware timestamps
other,MREI.JK: Cannot compare tz-naive and tz-aware timestamps
other,WAPO.JK: Cannot compare tz-naive and tz-aware timestamps
other,MDLN.JK: Cannot compare tz-naive and tz-aware timestamps
other,DGIK.JK: Cannot compare tz-naive and tz-aware timestamps
other,MPXL.JK: Cannot compare tz-naive and tz-aware timestamps
other,MBAP.JK: Cannot compare tz-naive and tz-aware timestamps
other,NETV.JK: Cannot compare tz-naive and tz-aware timestamps
other,YOII.JK: Cannot compare tz-naive and tz-aware timestamps
other,NELY.JK: Cannot compare tz-naive and tz-aware timestamps
other,CRAB.JK: Cannot compare tz-naive and tz-aware timestamps
other,JKON.JK: Cannot compare tz-naive and tz-aware timestamps
other,SPTO.JK: Cannot compare tz-naive and tz-aware timestamps
other,VICI.JK: Cannot compare tz-naive and tz-aware timestamps
other,ENAK.JK: Cannot compare tz-naive and tz-aware timestamps
other,LPCK.JK: Cannot compare tz-naive and tz-aware timestamps
other,FITT.JK: Cannot compare tz-naive and tz-aware timestamps
other,BMHS.JK: Cannot compare tz-naive and tz-aware timestamps
other,CEKA.JK: Cannot compare tz-naive and tz-aware timestamps
other,SAME.JK: Cannot compare tz-naive and tz-aware timestamps
other,DOSS.JK: Cannot compare tz-naive and tz-aware timestamps
other,SHIP.JK: Cannot compare tz-naive and tz-aware timestamps
other,PDPP.JK: Cannot compare tz-naive and tz-aware timestamps
other,BAIK.JK: Cannot compare tz-naive and tz-aware timestamps
other,CASS.JK: Cannot compare tz-naive and tz-aware timestamps
other,ECII.JK: Cannot compare tz-naive and tz-aware timestamps
other,MCOR.JK: Cannot compare tz-naive and tz-aware timestamps
other,KEJU.JK: Cannot compare tz-naive and tz-aware timestamps
other,BVIC.JK: Cannot compare tz-naive and tz-aware timestamps
other,PANS.JK: Cannot compare tz-naive and tz-aware timestamps
other,CLPI.JK: Cannot compare tz-naive and tz-aware timestamps
other,KBLV.JK: Cannot compare tz-naive and tz-aware timestamps
other,AMMS.JK: Cannot compare tz-naive and tz-aware timestamps
other,WGSH.JK: Cannot compare tz-naive and tz-aware timestamps
other,NFCX.JK: Cannot compare tz-naive and tz-aware timestamps
other,CSRA.JK: Cannot compare tz-naive and tz-aware timestamps
other,PRIM.JK: Cannot compare tz-naive and tz-aware timestamps
other,BNBA.JK: Cannot compare tz-naive and tz-aware timestamps
other,IATA.JK: Cannot compare tz-naive and tz-aware timestamps
other,OMED.JK: Cannot compare tz-naive and tz-aware timestamps
other,MKPI.JK: Cannot compare tz-naive and tz-aware timestamps
other,EDGE.JK: Cannot compare tz-naive and tz-aware timestamps
other,CBRE.JK: Cannot compare tz-naive and tz-aware timestamps
other,CARS.JK: Cannot compare tz-naive and tz-aware timestamps
other,TOTO.JK: Cannot compare tz-naive and tz-aware timestamps
other,TMPO.JK: Cannot compare tz-naive and tz-aware timestamps
other,WEHA.JK: Cannot compare tz-naive and tz-aware timestamps
other,BATR.JK: Cannot compare tz-naive and tz-aware timestamps
other,TLDN.JK: Cannot compare tz-naive and tz-aware timestamps
other,MPIX.JK: Cannot compare tz-naive and tz-aware timestamps
other,MPRO.JK: Cannot compare tz-naive and tz-aware timestamps
other,AGII.JK: Cannot compare tz-naive and tz-aware timestamps
other,AMAN.JK: Cannot compare tz-naive and tz-aware timestamps
other,ARKO.JK: Cannot compare tz-naive and tz-aware timestamps
other,NIKL.JK: Cannot compare tz-naive and tz-aware timestamps
other,ACRO.JK: Cannot compare tz-naive and tz-aware timestamps
other,DGNS.JK: Cannot compare tz-naive and tz-aware timestamps
other,PTMR.JK: Cannot compare tz-naive and tz-aware timestamps
other,BISI.JK: Cannot compare tz-naive and tz-aware timestamps
other,FWCT.JK: Cannot compare tz-naive and tz-aware timestamps
other,NRCA.JK: Cannot compare tz-naive and tz-aware timestamps
other,ASPI.JK: Cannot compare tz-naive and tz-aware timestamps
other,ISEA.JK: Cannot compare tz-naive and tz-aware timestamps
other,KJEN.JK: Cannot compare tz-naive and tz-aware timestamps
other,KLIN.JK: Cannot compare tz-naive and tz-aware timestamps
other,LOPI.JK: Cannot compare tz-naive and tz-aware timestamps
other,PZZA.JK: Cannot compare tz-naive and tz-aware timestamps
other,SICO.JK: Cannot compare tz-naive and tz-aware timestamps
other,VISI.JK: Cannot compare tz-naive and tz-aware timestamps
other,AHAP.JK: Cannot compare tz-naive and tz-aware timestamps
other,BAYU.JK: Cannot compare tz-naive and tz-aware timestamps
other,RUIS.JK: Cannot compare tz-naive and tz-aware timestamps
other,CLAY.JK: Cannot compare tz-naive and tz-aware timestamps
other,MHKI.JK: Cannot compare tz-naive and tz-aware timestamps
other,KOPI.JK: Cannot compare tz-naive and tz-aware timestamps
other,UDNG.JK: Cannot compare tz-naive and tz-aware timestamps
other,KING.JK: Cannot compare tz-naive and tz-aware timestamps
other,MTWI.JK: Cannot compare tz-naive and tz-aware timestamps
other,RCCC.JK: Cannot compare tz-naive and tz-aware timestamps
other,CHEM.JK: Cannot compare tz-naive and tz-aware timestamps
other,TIRA.JK: Cannot compare tz-naive and tz-aware timestamps
other,NZIA.JK: Cannot compare tz-naive and tz-aware timestamps
other,SMLE.JK: Cannot compare tz-naive and tz-aware timestamps
other,SINI.JK: Cannot compare tz-naive and tz-aware timestamps
other,TRON.JK: Cannot compare tz-naive and tz-aware timestamps
other,BAJA.JK: Cannot compare tz-naive and tz-aware timestamps
other,MUTU.JK: Cannot compare tz-naive and tz-aware timestamps
other,VERN.JK: Cannot compare tz-naive and tz-aware timestamps
other,BINA.JK: Cannot compare tz-naive and tz-aware timestamps
other,DYAN.JK: Cannot compare tz-naive and tz-aware timestamps
other,BUAH.JK: Cannot compare tz-naive and tz-aware timestamps
other,FPNI.JK: Cannot compare tz-naive and tz-aware timestamps
other,CITY.JK: Cannot compare tz-naive and tz-aware timestamps
other,GUNA.JK: Cannot compare tz-naive and tz-aware timestamps
other,INDX.JK: Cannot compare tz-naive and tz-aware timestamps
other,BACA.JK: Cannot compare tz-naive and tz-aware timestamps
other,AGRS.JK: Cannot compare tz-naive and tz-aware timestamps
other,BNII.JK: Cannot compare tz-naive and tz-aware timestamps
other,PEGE.JK: Cannot compare tz-naive and tz-aware timestamps
other,ARTA.JK: Cannot compare tz-naive and tz-aware timestamps
other,SAPX.JK: Cannot compare tz-naive and tz-aware timestamps
other,SULI.JK: Cannot compare tz-naive and tz-aware timestamps
other,SMAR.JK: Cannot compare tz-naive and tz-aware timestamps
other,KETR.JK: Cannot compare tz-naive and tz-aware timestamps
other,KOBX.JK: Cannot compare tz-naive and tz-aware timestamps
other,GULA.JK: Cannot compare tz-naive and tz-aware timestamps
other,NAYZ.JK: Cannot compare tz-naive and tz-aware timestamps
other,JAST.JK: Cannot compare tz-naive and tz-aware timestamps
other,HYGN.JK: Cannot compare tz-naive and tz-aware timestamps
other,ERTX.JK: Cannot compare tz-naive and tz-aware timestamps
other,GTRA.JK: Cannot compare tz-naive and tz-aware timestamps
other,COCO.JK: Cannot compare tz-naive and tz-aware timestamps
other,PMMP.JK: Cannot compare tz-naive and tz-aware timestamps
other,TRUK.JK: Cannot compare tz-naive and tz-aware timestamps
other,DWGL.JK: Cannot compare tz-naive and tz-aware timestamps
other,INAI.JK: Cannot compare tz-naive and tz-aware timestamps
other,JSPT.JK: Cannot compare tz-naive and tz-aware timestamps
other,ZONE.JK: Cannot compare tz-naive and tz-aware timestamps
other,DLTA.JK: Cannot compare tz-naive and tz-aware timestamps
other,HELI.JK: Cannot compare tz-naive and tz-aware timestamps
other,SBMA.JK: Cannot compare tz-naive and tz-aware timestamps
other,BESS.JK: Cannot compare tz-naive and tz-aware timestamps
other,FOLK.JK: Cannot compare tz-naive and tz-aware timestamps
other,BPII.JK: Cannot compare tz-naive and tz-aware timestamps
other,KMDS.JK: Cannot compare tz-naive and tz-aware timestamps
other,PADI.JK: Cannot compare tz-naive and tz-aware timestamps
other,AKSI.JK: Cannot compare tz-naive and tz-aware timestamps
other,SOUL.JK: Cannot compare tz-naive and tz-aware timestamps
other,BINO.JK: Cannot compare tz-naive and tz-aware timestamps
other,CHIP.JK: Cannot compare tz-naive and tz-aware timestamps
other,AMAR.JK: Cannot compare tz-naive and tz-aware timestamps
other,LABS.JK: Cannot compare tz-naive and tz-aware timestamps
other,CCSI.JK: Cannot compare tz-naive and tz-aware timestamps
other,PPRE.JK: Cannot compare tz-naive and tz-aware timestamps
other,PKPK.JK: Cannot compare tz-naive and tz-aware timestamps
other,MCOL.JK: Cannot compare tz-naive and tz-aware timestamps
other,AXIO.JK: Cannot compare tz-naive and tz-aware timestamps
other,KOCI.JK: Cannot compare tz-naive and tz-aware timestamps
other,GDST.JK: Cannot compare tz-naive and tz-aware timestamps
other,BKSW.JK: Cannot compare tz-naive and tz-aware timestamps
other,MCAS.JK: Cannot compare tz-naive and tz-aware timestamps
other,DSFI.JK: Cannot compare tz-naive and tz-aware timestamps
other,PALM.JK: Cannot compare tz-naive and tz-aware timestamps
other,PEVE.JK: Cannot compare tz-naive and tz-aware timestamps
other,SAFE.JK: Cannot compare tz-naive and tz-aware timestamps
other,LUCK.JK: Cannot compare tz-naive and tz-aware timestamps
other,PTSN.JK: Cannot compare tz-naive and tz-aware timestamps
other,IRSX.JK: Cannot compare tz-naive and tz-aware timestamps
other,LMAX.JK: Cannot compare tz-naive and tz-aware timestamps
other,ACST.JK: Cannot compare tz-naive and tz-aware timestamps
other,IFII.JK: Cannot compare tz-naive and tz-aware timestamps
other,ELPI.JK: Cannot compare tz-naive and tz-aware timestamps
other,PSSI.JK: Cannot compare tz-naive and tz-aware timestamps
other,LMPI.JK: Cannot compare tz-naive and tz-aware timestamps
other,ZYRX.JK: Cannot compare tz-naive and tz-aware timestamps
other,CSMI.JK: Cannot compare tz-naive and tz-aware timestamps
other,PICO.JK: Cannot compare tz-naive and tz-aware timestamps
other,MITI.JK: Cannot compare tz-naive and tz-aware timestamps
other,MFIN.JK: Cannot compare tz-naive and tz-aware timestamps
other,SONA.JK: Cannot compare tz-naive and tz-aware timestamps
other,TFAS.JK: Cannot compare tz-naive and tz-aware timestamps
other,WINE.JK: Cannot compare tz-naive and tz-aware timestamps
other,GOOD.JK: Cannot compare tz-naive and tz-aware timestamps
other,KBLI.JK: Cannot compare tz-naive and tz-aware timestamps
other,BBSS.JK: Cannot compare tz-naive and tz-aware timestamps
other,KSIX.JK: Cannot compare tz-naive and tz-aware timestamps
other,INPS.JK: Cannot compare tz-naive and tz-aware timestamps
other,TNCA.JK: Cannot compare tz-naive and tz-aware timestamps
other,PJAA.JK: Cannot compare tz-naive and tz-aware timestamps
other,OBMD.JK: Cannot compare tz-naive and tz-aware timestamps
other,AMFG.JK: Cannot compare tz-naive and tz-aware timestamps
other,SKRN.JK: Cannot compare tz-naive and tz-aware timestamps
other,FMII.JK: Cannot compare tz-naive and tz-aware timestamps
other,EAST.JK: Cannot compare tz-naive and tz-aware timestamps
other,BTPN.JK: Cannot compare tz-naive and tz-aware timestamps
other,MKAP.JK: Cannot compare tz-naive and tz-aware timestamps
other,ATIC.JK: Cannot compare tz-naive and tz-aware timestamps
other,PTIS.JK: Cannot compare tz-naive and tz-aware timestamps
other,MBTO.JK: Cannot compare tz-naive and tz-aware timestamps
other,JMAS.JK: Cannot compare tz-naive and tz-aware timestamps
other,GEMA.JK: Cannot compare tz-naive and tz-aware timestamps
other,SCCO.JK: Cannot compare tz-naive and tz-aware timestamps
other,MYOH.JK: Cannot compare tz-naive and tz-aware timestamps
other,LAPD.JK: Cannot compare tz-naive and tz-aware timestamps
other,HBAT.JK: Cannot compare tz-naive and tz-aware timestamps
other,BBRM.JK: Cannot compare tz-naive and tz-aware timestamps
other,TRIN.JK: Cannot compare tz-naive and tz-aware timestamps
other,WOWS.JK: Cannot compare tz-naive and tz-aware timestamps
other,BEER.JK: Cannot compare tz-naive and tz-aware timestamps
other,GMFI.JK: Cannot compare tz-naive and tz-aware timestamps
other,BALI.JK: Cannot compare tz-naive and tz-aware timestamps
other,BPTR.JK: Cannot compare tz-naive and tz-aware timestamps
other,JECC.JK: Cannot compare tz-naive and tz-aware timestamps
other,TRIM.JK: Cannot compare tz-naive and tz-aware timestamps
other,LPGI.JK: Cannot compare tz-naive and tz-aware timestamps
other,FLMC.JK: Cannot compare tz-naive and tz-aware timestamps
other,DNET.JK: Cannot compare tz-naive and tz-aware timestamps
other,LPLI.JK: Cannot compare tz-naive and tz-aware timestamps
other,SPMA.JK: Cannot compare tz-naive and tz-aware timestamps
other,LPIN.JK: Cannot compare tz-naive and tz-aware timestamps
other,MERK.JK: Cannot compare tz-naive and tz-aware timestamps
other,VICO.JK: Cannot compare tz-naive and tz-aware timestamps
other,OILS.JK: Cannot compare tz-naive and tz-aware timestamps
other,SDRA.JK: Cannot compare tz-naive and tz-aware timestamps
other,GTBO.JK: Cannot compare tz-naive and tz-aware timestamps
other,CSAP.JK: Cannot compare tz-naive and tz-aware timestamps
other,DAYA.JK: Cannot compare tz-naive and tz-aware timestamps
other,RMKO.JK: Cannot compare tz-naive and tz-aware timestamps
other,CRSN.JK: Cannot compare tz-naive and tz-aware timestamps
other,KBLM.JK: Cannot compare tz-naive and tz-aware timestamps
other,INDS.JK: Cannot compare tz-naive and tz-aware timestamps
other,SEMA.JK: Cannot compare tz-naive and tz-aware timestamps
other,IKPM.JK: Cannot compare tz-naive and tz-aware timestamps
other,DMND.JK: Cannot compare tz-naive and tz-aware timestamps
other,FAPA.JK: Cannot compare tz-naive and tz-aware timestamps
other,LPPS.JK: Cannot compare tz-naive and tz-aware timestamps
other,SAMF.JK: Cannot compare tz-naive and tz-aware timestamps
other,BELL.JK: Cannot compare tz-naive and tz-aware timestamps
other,SMMT.JK: Cannot compare tz-naive and tz-aware timestamps
other,ARII.JK: Cannot compare tz-naive and tz-aware timestamps
other,KMTR.JK: Cannot compare tz-naive and tz-aware timestamps
other,PSGO.JK: Cannot compare tz-naive and tz-aware timestamps
other,EMDE.JK: Cannot compare tz-naive and tz-aware timestamps
other,JAYA.JK: Cannot compare tz-naive and tz-aware timestamps
other,BOLA.JK: Cannot compare tz-naive and tz-aware timestamps
other,RIGS.JK: Cannot compare tz-naive and tz-aware timestamps
other,INCI.JK: Cannot compare tz-naive and tz-aware timestamps
other,UANG.JK: Cannot compare tz-naive and tz-aware timestamps
other,AEGS.JK: Cannot compare tz-naive and tz-aware timestamps
other,DVLA.JK: Cannot compare tz-naive and tz-aware timestamps
other,EKAD.JK: Cannot compare tz-naive and tz-aware timestamps
other,CSIS.JK: Cannot compare tz-naive and tz-aware timestamps
other,ALDO.JK: Cannot compare tz-naive and tz-aware timestamps
other,EPMT.JK: Cannot compare tz-naive and tz-aware timestamps
other,KICI.JK: Cannot compare tz-naive and tz-aware timestamps
other,INDR.JK: Cannot compare tz-naive and tz-aware timestamps
other,ESTA.JK: Cannot compare tz-naive and tz-aware timestamps
other,ITIC.JK: Cannot compare tz-naive and tz-aware timestamps
other,SKLT.JK: Cannot compare tz-naive and tz-aware timestamps
other,CBPE.JK: Cannot compare tz-naive and tz-aware timestamps
other,WOMF.JK: Cannot compare tz-naive and tz-aware timestamps
other,MDKI.JK: Cannot compare tz-naive and tz-aware timestamps
other,MAXI.JK: Cannot compare tz-naive and tz-aware timestamps
other,HERO.JK: Cannot compare tz-naive and tz-aware timestamps
other,KUAS.JK: Cannot compare tz-naive and tz-aware timestamps
other,MAPB.JK: Cannot compare tz-naive and tz-aware timestamps
other,TRJA.JK: Cannot compare tz-naive and tz-aware timestamps
other,HOPE.JK: Cannot compare tz-naive and tz-aware timestamps
other,CINT.JK: Cannot compare tz-naive and tz-aware timestamps
other,MKTR.JK: Cannot compare tz-naive and tz-aware timestamps
other,LTLS.JK: Cannot compare tz-naive and tz-aware timestamps
other,PURI.JK: Cannot compare tz-naive and tz-aware timestamps
other,MSJA.JK: Cannot compare tz-naive and tz-aware timestamps
other,MOLI.JK: Cannot compare tz-naive and tz-aware timestamps
other,DEPO.JK: Cannot compare tz-naive and tz-aware timestamps
other,KAQI.JK: Cannot compare tz-naive and tz-aware timestamps
other,PTSP.JK: Cannot compare tz-naive and tz-aware timestamps
other,TYRE.JK: Cannot compare tz-naive and tz-aware timestamps
other,DPNS.JK: Cannot compare tz-naive and tz-aware timestamps
other,SMKL.JK: Cannot compare tz-naive and tz-aware timestamps
other,MRAT.JK: Cannot compare tz-naive and tz-aware timestamps
other,SMMA.JK: Cannot compare tz-naive and tz-aware timestamps
other,CASH.JK: Cannot compare tz-naive and tz-aware timestamps
other,AMAG.JK: Cannot compare tz-naive and tz-aware timestamps
other,UNIC.JK: Cannot compare tz-naive and tz-aware timestamps
other,PSKT.JK: Cannot compare tz-naive and tz-aware timestamps
other,BLUE.JK: Cannot compare tz-naive and tz-aware timestamps
other,MEGA.JK: Cannot compare tz-naive and tz-aware timestamps
other,IDPR.JK: Cannot compare tz-naive and tz-aware timestamps
other,MGLV.JK: Cannot compare tz-naive and tz-aware timestamps
other,BUDI.JK: Cannot compare tz-naive and tz-aware timestamps
other,ADMG.JK: Cannot compare tz-naive and tz-aware timestamps
other,ASDM.JK: Cannot compare tz-naive and tz-aware timestamps
other,UNSP.JK: Cannot compare tz-naive and tz-aware timestamps
other,SURE.JK: Cannot compare tz-naive and tz-aware timestamps
other,INOV.JK: Cannot compare tz-naive and tz-aware timestamps
other,PNSE.JK: Cannot compare tz-naive and tz-aware timestamps
other,PTPW.JK: Cannot compare tz-naive and tz-aware timestamps
other,PEHA.JK: Cannot compare tz-naive and tz-aware timestamps
other,GHON.JK: Cannot compare tz-naive and tz-aware timestamps
other,TOOL.JK: Cannot compare tz-naive and tz-aware timestamps
other,PSDN.JK: Cannot compare tz-naive and tz-aware timestamps
other,TRUS.JK: Cannot compare tz-naive and tz-aware timestamps
other,UFOE.JK: Cannot compare tz-naive and tz-aware timestamps
other,LUCY.JK: Cannot compare tz-naive and tz-aware timestamps
other,SDPC.JK: Cannot compare tz-naive and tz-aware timestamps
other,PORT.JK: Cannot compare tz-naive and tz-aware timestamps
other,TRIS.JK: Cannot compare tz-naive and tz-aware timestamps
other,ASLI.JK: Cannot compare tz-naive and tz-aware timestamps
other,GWSA.JK: Cannot compare tz-naive and tz-aware timestamps
other,BBLD.JK: Cannot compare tz-naive and tz-aware timestamps
other,PDES.JK: Cannot compare tz-naive and tz-aware timestamps
other,TBMS.JK: Cannot compare tz-naive and tz-aware timestamps
other,LFLO.JK: Cannot compare tz-naive and tz-aware timestamps
other,HOMI.JK: Cannot compare tz-naive and tz-aware timestamps
other,SKBM.JK: Cannot compare tz-naive and tz-aware timestamps
other,KINO.JK: Cannot compare tz-naive and tz-aware timestamps
other,BBSI.JK: Cannot compare tz-naive and tz-aware timestamps
other,INRU.JK: Cannot compare tz-naive and tz-aware timestamps
other,LION.JK: Cannot compare tz-naive and tz-aware timestamps
other,CAKK.JK: Cannot compare tz-naive and tz-aware timestamps
other,IPOL.JK: Cannot compare tz-naive and tz-aware timestamps
other,SRSN.JK: Cannot compare tz-naive and tz-aware timestamps
other,MORA.JK: Cannot compare tz-naive and tz-aware timestamps
other,TRGU.JK: Cannot compare tz-naive and tz-aware timestamps
other,BSIM.JK: Cannot compare tz-naive and tz-aware timestamps
other,CBUT.JK: Cannot compare tz-naive and tz-aware timestamps
other,LIFE.JK: Cannot compare tz-naive and tz-aware timestamps
other,LINK.JK: Cannot compare tz-naive and tz-aware timestamps
other,BOBA.JK: Cannot compare tz-naive and tz-aware timestamps
other,AMOR.JK: Cannot compare tz-naive and tz-aware timestamps
other,SWID.JK: Cannot compare tz-naive and tz-aware timestamps
other,GDYR.JK: Cannot compare tz-naive and tz-aware timestamps
other,SHID.JK: Cannot compare tz-naive and tz-aware timestamps
other,BPFI.JK: Cannot compare tz-naive and tz-aware timestamps
other,PGUN.JK: Cannot compare tz-naive and tz-aware timestamps
other,GRIA.JK: Cannot compare tz-naive and tz-aware timestamps
other,IDEA.JK: Cannot compare tz-naive and tz-aware timestamps
other,PNBS.JK: Cannot compare tz-naive and tz-aware timestamps
other,TGKA.JK: Cannot compare tz-naive and tz-aware timestamps
other,BMSR.JK: Cannot compare tz-naive and tz-aware timestamps
other,INTD.JK: Cannot compare tz-naive and tz-aware timestamps
other,TCID.JK: Cannot compare tz-naive and tz-aware timestamps
other,FUJI.JK: Cannot compare tz-naive and tz-aware timestamps
other,SOHO.JK: Cannot compare tz-naive and tz-aware timestamps
other,ATLA.JK: Cannot compare tz-naive and tz-aware timestamps
other,VOKS.JK: Cannot compare tz-naive and tz-aware timestamps
other,IKBI.JK: Cannot compare tz-naive and tz-aware timestamps
other,URBN.JK: Cannot compare tz-naive and tz-aware timestamps
other,KDSI.JK: Cannot compare tz-naive and tz-aware timestamps
other,PPGL.JK: Cannot compare tz-naive and tz-aware timestamps
other,AMIN.JK: Cannot compare tz-naive and tz-aware timestamps
other,MTLA.JK: Cannot compare tz-naive and tz-aware timestamps
other,PUDP.JK: Cannot compare tz-naive and tz-aware timestamps
other,AGAR.JK: Cannot compare tz-naive and tz-aware timestamps
other,RUNS.JK: Cannot compare tz-naive and tz-aware timestamps
other,BUKK.JK: Cannot compare tz-naive and tz-aware timestamps
other,VINS.JK: Cannot compare tz-naive and tz-aware timestamps
other,PRAY.JK: Cannot compare tz-naive and tz-aware timestamps
other,MICE.JK: Cannot compare tz-naive and tz-aware timestamps
other,RDTX.JK: Cannot compare tz-naive and tz-aware timestamps
other,AKPI.JK: Cannot compare tz-naive and tz-aware timestamps
other,SCNP.JK: Cannot compare tz-naive and tz-aware timestamps
other,INPP.JK: Cannot compare tz-naive and tz-aware timestamps
other,PNGO.JK: Cannot compare tz-naive and tz-aware timestamps
other,LRNA.JK: Cannot compare tz-naive and tz-aware timestamps
other,PGLI.JK: Cannot compare tz-naive and tz-aware timestamps
other,DART.JK: Cannot compare tz-naive and tz-aware timestamps
other,IGAR.JK: Cannot compare tz-naive and tz-aware timestamps
other,GOLD.JK: Cannot compare tz-naive and tz-aware timestamps
other,IFSH.JK: Cannot compare tz-naive and tz-aware timestamps
other,STTP.JK: Cannot compare tz-naive and tz-aware timestamps
other,GRPH.JK: Cannot compare tz-naive and tz-aware timestamps
other,SOSS.JK: Cannot compare tz-naive and tz-aware timestamps
other,SLIS.JK: Cannot compare tz-naive and tz-aware timestamps
other,KDTN.JK: Cannot compare tz-naive and tz-aware timestamps
other,TRST.JK: Cannot compare tz-naive and tz-aware timestamps
other,VRNA.JK: Cannot compare tz-naive and tz-aware timestamps
other,GSMF.JK: Cannot compare tz-naive and tz-aware timestamps
other,SSTM.JK: Cannot compare tz-naive and tz-aware timestamps
other,RANC.JK: Cannot compare tz-naive and tz-aware timestamps
other,BRAM.JK: Cannot compare tz-naive and tz-aware timestamps
other,CMPP.JK: Cannot compare tz-naive and tz-aware timestamps
other,DPUM.JK: Cannot compare tz-naive and tz-aware timestamps
other,ALKA.JK: Cannot compare tz-naive and tz-aware timestamps
other,NPGF.JK: Cannot compare tz-naive and tz-aware timestamps
other,TOSK.JK: Cannot compare tz-naive and tz-aware timestamps
other,PMJS.JK: Cannot compare tz-naive and tz-aware timestamps
other,LCKM.JK: Cannot compare tz-naive and tz-aware timestamps
other,KONI.JK: Cannot compare tz-naive and tz-aware timestamps
other,GMTD.JK: Cannot compare tz-naive and tz-aware timestamps
other,ASRM.JK: Cannot compare tz-naive and tz-aware timestamps
other,CTBN.JK: Cannot compare tz-naive and tz-aware timestamps
other,LAJU.JK: Cannot compare tz-naive and tz-aware timestamps
other,SOTS.JK: Cannot compare tz-naive and tz-aware timestamps
other,ARGO.JK: Cannot compare tz-naive and tz-aware timestamps
other,ASBI.JK: Cannot compare tz-naive and tz-aware timestamps
other,RELI.JK: Cannot compare tz-naive and tz-aware timestamps
other,GLVA.JK: Cannot compare tz-naive and tz-aware timestamps
other,NICK.JK: Cannot compare tz-naive and tz-aware timestamps
other,ASJT.JK: Cannot compare tz-naive and tz-aware timestamps
other,KIOS.JK: Cannot compare tz-naive and tz-aware timestamps
other,HDFA.JK: Cannot compare tz-naive and tz-aware timestamps
other,IPAC.JK: Cannot compare tz-naive and tz-aware timestamps
other,YULE.JK: Cannot compare tz-naive and tz-aware timestamps
other,TALF.JK: Cannot compare tz-naive and tz-aware timestamps
other,NATO.JK: Cannot compare tz-naive and tz-aware timestamps
other,BATA.JK: Cannot compare tz-naive and tz-aware timestamps
other,ADCP.JK: Cannot compare tz-naive and tz-aware timestamps
other,BBMD.JK: Cannot compare tz-naive and tz-aware timestamps
other,DUTI.JK: Cannot compare tz-naive and tz-aware timestamps
other,BAPA.JK: Cannot compare tz-naive and tz-aware timestamps
other,BTON.JK: Cannot compare tz-naive and tz-aware timestamps
other,TAYS.JK: Cannot compare tz-naive and tz-aware timestamps
other,APII.JK: Cannot compare tz-naive and tz-aware timestamps
other,BMAS.JK: Cannot compare tz-naive and tz-aware timestamps
other,MASB.JK: Cannot compare tz-naive and tz-aware timestamps
other,APLI.JK: Cannot compare tz-naive and tz-aware timestamps
other,BRNA.JK: Cannot compare tz-naive and tz-aware timestamps
other,SIPD.JK: Cannot compare tz-naive and tz-aware timestamps
other,FOOD.JK: Cannot compare tz-naive and tz-aware timestamps
other,NIRO.JK: Cannot compare tz-naive and tz-aware timestamps
other,MEDS.JK: Cannot compare tz-naive and tz-aware timestamps
other,NTBK.JK: Cannot compare tz-naive and tz-aware timestamps
other,ZBRA.JK: Cannot compare tz-naive and tz-aware timestamps
other,GLOB.JK: Cannot compare tz-naive and tz-aware timestamps
other,TIFA.JK: Cannot compare tz-naive and tz-aware timestamps
other,DFAM.JK: Cannot compare tz-naive and tz-aware timestamps
other,FIMP.JK: Cannot compare tz-naive and tz-aware timestamps
other,ABDA.JK: Cannot compare tz-naive and tz-aware timestamps
other,BLTZ.JK: Cannot compare tz-naive and tz-aware timestamps
other,BSWD.JK: Cannot compare tz-naive and tz-aware timestamps
other,IBST.JK: Cannot compare tz-naive and tz-aware timestamps
other,KOIN.JK: Cannot compare tz-naive and tz-aware timestamps
other,OMRE.JK: Cannot compare tz-naive and tz-aware timestamps
other,PGJO.JK: Cannot compare tz-naive and tz-aware timestamps
other,POLI.JK: Cannot compare tz-naive and tz-aware timestamps
other,ROCK.JK: Cannot compare tz-naive and tz-aware timestamps
other,TFCO.JK: Cannot compare tz-naive and tz-aware timestamps
other,TGUK.JK: Cannot compare tz-naive and tz-aware timestamps
other,YPAS.JK: Cannot compare tz-naive and tz-aware timestamps
